frame,type,left,reference,left_label,reference_label,iou
adasind_258420.jpg,mismatching_attributes,10,7,Pedestrian,Pedestrian,0.774
adasind_258420.jpg,extra_annotation,5,,Car,,N/A
adasind_258420.jpg,extra_annotation,7,,Bike,,N/A
adasind_258420.jpg,extra_annotation,9,,Bike,,N/A
adasind_258420.jpg,extra_annotation,11,,Pedestrian,,N/A
adasind_258420.jpg,missing_annotation,,5,,Car,N/A
adasind_270517.jpg,mismatching_attributes,1,3,Bike,Bike,0.767
adasind_270517.jpg,mismatching_attributes,6,5,Car,Car,0.684
adasind_310008.jpg,mismatching_attributes,4,2,Pedestrian,Pedestrian,0.859
adasind_310008.jpg,mismatching_attributes,5,4,Pedestrian,Pedestrian,0.817
adasind_310008.jpg,mismatching_attributes,3,3,Pedestrian,Pedestrian,0.788
adasind_310008.jpg,mismatching_attributes,1,5,Pedestrian,Pedestrian,0.649
