round,slice,frame,object_ref,cell,what,why,severity,owner,rule_id,evidence,action,rules_version,note
calib,C0,adasind_019560.jpg,L1+R3,na,WRONG_CLASS,,,,,,,,
calib,C0,adasind_019560.jpg,L5,na,SPURIOUS,,,,,,,,
calib,C0,adasind_019560.jpg,L7,na,SPURIOUS,,,,,,,,
calib,C0,adasind_019560.jpg,L8,na,SPURIOUS,,,,,,,,
calib,C0,adasind_019560.jpg,R5,na,MISSING,,,,,,,,
r1_craft,B4-dense,adasind_258420.jpg,L5+R5,na,BOX_GEOMETRY,,,,,,,,
r1_craft,B4-dense,adasind_258420.jpg,L7,na,SPURIOUS,,,,,,,,
r1_craft,B4-dense,adasind_258420.jpg,L9,na,SPURIOUS,,,,,,,,
r1_craft,B4-dense,adasind_258420.jpg,L11,na,SPURIOUS,,,,,,,,
r1_craft,B4-dense,adasind_270517.jpg,L3,na,IGNORE_SCOPE,,,,,,,,
r2_qa,B4-dense,adasind_258420.jpg,L5,L_only,ATTRIBUTE,,,,R05,box L5 covered partially by front vehicle,,,v1.0.0,
r2_qa,B4-dense,adasind_258420.jpg,L7,L_only,STRUCTURE,,,,R03,Bike L7 close to Bike L8,,,v1.0.0,
r2_qa,B4-dense,adasind_270517.jpg,L1,L_only,ATTRIBUTE,,,,R05,Bike L1 at frame edge xbr=1080,,,v1.0.0,
r2_qa,B4-dense,adasind_270517.jpg,L3,L_only,IGNORE_SCOPE,,,,R06,ThreeWheeler L3 heavily occluded at distance,,,v1.0.0,
r3_diag,B4-dense,adasind_258420.jpg,L1+R1,LR_noM,MISSING,E4_model_domain,P2,ai_team,R04,Model missed ThreeWheeler L1 near border,escalate,v1.0.0,
r3_diag,B4-dense,adasind_258420.jpg,L4+R4,LR_noM,MISSING,E4_model_domain,P2,ai_team,R04,Model missed ThreeWheeler L4,keep_with_reason,v1.0.0,
r3_diag,B4-dense,adasind_258420.jpg,L3+R8,LR_noM,MISSING,E4_model_domain,P2,ai_team,R04,Model missed ThreeWheeler L3 in mid zone,keep_with_reason,v1.0.0,
r3_diag,B4-dense,adasind_258420.jpg,L6+R3,LR_noM,MISSING,E4_model_domain,P2,ai_team,R03,Model missed Bike L6,keep_with_reason,v1.0.0,
r3_diag,B4-dense,adasind_258420.jpg,L5+M6,LM_noR,SPURIOUS,E0_reference_defect,P1,annotator,R04,Reference missed Car L5,keep_with_reason,v1.0.0,
r3_diag,B4-dense,adasind_258420.jpg,L7,L_only,SPURIOUS,E1_annotator_error,P1,annotator,R03,Annotator added extra Bike box L7,rework,v1.0.0,
r3_diag,B4-dense,adasind_258420.jpg,L9,L_only,SPURIOUS,E1_annotator_error,P1,annotator,R03,Annotator added extra Bike box L9,rework,v1.0.0,
r3_diag,B4-dense,adasind_258420.jpg,L11,L_only,SPURIOUS,E1_annotator_error,P1,annotator,R03,Annotator added extra Pedestrian L11,rework,v1.0.0,
r3_diag,B4-dense,adasind_258420.jpg,R5,R_only,MISSING,E1_annotator_error,P1,annotator,R01,Annotator missed reference box R5,rework,v1.0.0,
r3_diag,B4-dense,adasind_258420.jpg,M3,M_only,SPURIOUS,E4_model_domain,P2,ai_team,R01,Model false positive M3,keep_with_reason,v1.0.0,
r3_diag,B4-dense,adasind_258420.jpg,M4,M_only,SPURIOUS,E4_model_domain,P2,ai_team,R01,Model false positive M4,keep_with_reason,v1.0.0,
r3_diag,B4-dense,adasind_258420.jpg,M5,M_only,SPURIOUS,E4_model_domain,P2,ai_team,R01,Model false positive M5,keep_with_reason,v1.0.0,
r3_diag,B4-dense,adasind_258420.jpg,M7,M_only,SPURIOUS,E4_model_domain,P2,ai_team,R01,Model false positive M7,keep_with_reason,v1.0.0,
r3_diag,B4-dense,adasind_258420.jpg,M8,M_only,SPURIOUS,E4_model_domain,P2,ai_team,R01,Model false positive M8,keep_with_reason,v1.0.0,
r3_diag,B4-dense,adasind_258420.jpg,M10,M_only,SPURIOUS,E4_model_domain,P2,ai_team,R01,Model false positive M10,keep_with_reason,v1.0.0,
r3_diag,B4-dense,adasind_258420.jpg,M11,M_only,SPURIOUS,E4_model_domain,P2,ai_team,R01,Model false positive M11,keep_with_reason,v1.0.0,
r3_diag,B4-dense,adasind_270517.jpg,L8+R4,LR_noM,MISSING,E4_model_domain,P2,ai_team,R04,Model missed ThreeWheeler L8,keep_with_reason,v1.0.0,
r3_diag,B4-dense,adasind_270517.jpg,L2+R2,LR_noM,MISSING,E4_model_domain,P2,ai_team,R04,Model missed ThreeWheeler L2,keep_with_reason,v1.0.0,
r3_diag,B4-dense,adasind_270517.jpg,M5,M_only,SPURIOUS,E4_model_domain,P2,ai_team,R01,Model false positive M5,keep_with_reason,v1.0.0,
r3_diag,B4-dense,adasind_270517.jpg,M6,M_only,SPURIOUS,E4_model_domain,P2,ai_team,R01,Model false positive M6,keep_with_reason,v1.0.0,
r3_diag,B4-dense,adasind_270517.jpg,M7,M_only,SPURIOUS,E4_model_domain,P2,ai_team,R01,Model false positive M7,keep_with_reason,v1.0.0,
r3_diag,B4-dense,adasind_270517.jpg,M9,M_only,SPURIOUS,E4_model_domain,P2,ai_team,R01,Model false positive M9,keep_with_reason,v1.0.0,
r3_diag,B4-dense,adasind_270517.jpg,M10,M_only,SPURIOUS,E4_model_domain,P2,ai_team,R01,Model false positive M10,keep_with_reason,v1.0.0,
r3_diag,B4-dense,adasind_270517.jpg,M11,M_only,SPURIOUS,E4_model_domain,P2,ai_team,R01,Model false positive M11,keep_with_reason,v1.0.0,
r3_diag,B4-dense,adasind_310008.jpg,L2+R1,LR_noM,MISSING,E4_model_domain,P2,ai_team,R04,Model missed ThreeWheeler L2,keep_with_reason,v1.0.0,
r3_diag,B4-dense,adasind_310008.jpg,M6,M_only,SPURIOUS,E4_model_domain,P2,ai_team,R01,Model false positive M6,keep_with_reason,v1.0.0,
r3_diag,B4-dense,adasind_310008.jpg,M7,M_only,SPURIOUS,E4_model_domain,P2,ai_team,R01,Model false positive M7,keep_with_reason,v1.0.0,
